{"accuracy": 0.9595, "f1": 0.9429389129389129, "precision": 0.9486834462729913, "recall": 0.9472657743785851, "confusion_matrix": [[870, 84], [97, 949]]}